1,SM-CH-028-PA-000.01
2,SM-CH-028-PA-001
3,SM-CH-028-PA-002
4,SM-CH-028-EJ-003
5,SM-CH-028-PA-004
6,SM-CH-028-PA-005
7,SM-CH-028-PA-006
8,SM-CH-028-PA-007
9,SM-CH-028-PA-008
10,SM-CH-028-PA-009
11,SM-CH-028-PA-010
12,SM-CH-028-PA-011
13,SM-CH-028-PA-012
14,SM-CH-028-PA-013
15,SM-CH-028-PA-014
16,SM-CH-028-PA-015
17,SM-CH-028-PR-016
18,SM-CH-028-PR-017
19,SM-CH-028-PR-018
20,SM-CH-028-PR-019
21,SM-CH-001-PR-020
22,SM-CH-001-PR-021
23,SM-CH-001-PR-022
24,SM-CH-001-PR-023
25,SM-CH-001-PR-024
26,SM-CH-001-PR-025
27,SM-CH-001-PR-026
28,SM-CH-001-PR-027
29,SM-CH-001-PR-028
30,SM-CH-001-PR-029
31,SM-CH-001-PR-030
32,SM-CH-001-PR-031
33,SM-CH-001-PR-032
34,SM-CH-001-PR-033
35,SM-CH-001-PR-034
36,SM-CH-001-PR-035
37,SM-CH-001-PR-036
38,SM-CH-001-PR-037
39,SM-CH-001-PR-038
40,SM-CH-001-PR-039
41,SM-CH-001-EJ-040
42,SM-CH-001-EJ-041
43,SM-CH-001-PR-042
44,SM-CH-001-EJ-043
45,SM-CH-001-EJ-044
46,SM-CH-001-EJ-045
47,SM-CH-001-EJ-046
48,SM-CH-001-EJ-047
49,SM-CH-001-PR-048
50,SM-CH-001-PR-049
51,SM-CH-010-PR-050
52,SM-CH-010-PR-050.01
53,SM-CH-010-PR-050.02
54,SM-CH-010-PR-051
55,SM-CH-010-PR-052
56,SM-CH-010-PR-053
57,SM-CH-010-PR-054
58,SM-CH-023-EJ-055
59,SM-CH-023-PR-056
60,SM-CH-023-PA-057
61,SM-CH-023-PA-058
62,SM-CH-023-PA-059
63,SM-CH-023-EJ-060
64,SM-CH-023-PR-061
65,SM-CH-050-EJ-062
66,SM-CH-050-PR-063
67,SM-CH-050-PR-064
68,SM-CH-013-EJ-065
69,SM-CH-013-PA-066
70,SM-CH-013-PA-067
71,SM-CH-013-PA-068
72,SM-CH-013-PA-069
73,SM-CH-013-PA-070
74,SM-CH-013-PA-071
75,SM-CH-013-PA-072
76,SM-CH-013-PA-073
77,SM-CH-013-PA-074
78,SM-CH-013-PA-075
79,SM-CH-013-PA-076
80,SM-CH-013-PA-077
81,SM-CH-013-PA-078
82,SM-CH-013-PR-079
83,SM-CH-013-PR-079.01
84,SM-CH-013-PR-080
85,SM-CH-013-EJ-081
86,SM-CH-013-PA-082
87,SM-CH-013-EJ-083
88,SM-CH-013-PR-084
89,SM-CH-013-PA-085
90,SM-CH-013-PA-086
91,SM-CH-013-PA-087
92,SM-CH-013-PA-088
93,SM-CH-013-PA-089
94,SM-CH-013-PA-090
95,SM-CH-013-PA-091
96,SM-CH-013-PA-092
97,SM-SN-010-EJ-001
98,SM-SN-010-PA-002
99,SM-SN-031-PR-003
100,SM-SN-031-PR-004
101,SM-SN-031-PR-005
102,SM-SN-031-PR-006
103,SM-SN-031-PR-007
104,SM-SN-031-PR-008
105,SM-SN-031-PR-009
106,SM-SN-031-PR-010
107,SM-SN-031-EJ-011
108,SM-SN-031-PR-012
109,SM-SN-031-PR-013
110,SM-SN-031-PR-014
111,SM-SN-031-PR-015
112,SM-SN-031-PR-016
113,SM-SN-031-PR-017
114,SM-SN-031-PR-018
115,SM-SN-031-PR-019
116,SM-SN-067-PR-020
117,SM-SN-067-PR-020
118,SM-SN-067-PR-021
119,SM-SN-067-PR-022
120,SM-SN-067-PR-023
121,SM-SN-067-PR-024
122,SM-SN-067-PR-025
123,SM-SN-067-PR-026
124,SM-SN-067-PR-027
125,SM-SN-067-PR-028
126,SM-SN-067-PR-029
127,SM-SN-067-PR-030
128,SM-SN-067-PR-031
129,SM-SN-067-PR-032
130,SM-SN-067-PR-033
131,SM-SN-067-PR-034
132,SM-SN-067-PR-035
133,SM-SN-067-PR-036
134,SM-SN-067-PR-037
135,SM-SN-023-PR-038
136,SM-SN-023-PR-039
137,SM-SN-023-PR-040
138,SM-SN-023-PR-041
139,SM-SN-023-PR-042
140,SM-SN-023-PR-043
141,SM-SN-023-PR-044
142,SM-SN-023-PR-045
143,SM-SN-023-PR-046
144,SM-SN-023-PR-047
145,SM-SN-023-EJ-048
146,SM-SN-023-PA-049
147,SM-SN-023-PA-050
148,SM-SN-023-PR-051
149,SM-SN-023-EJ-052
150,SM-SN-023-PA-053
151,SM-SN-023-PA-054
152,SM-SN-023-PA-055
153,SM-SN-023-PR-056
154,SM-SN-023-PR-057
155,SM-SN-023-PR-058
156,SM-SN-023-PR-059
157,SM-SN-023-PR-060
158,SM-SN-006-PR-061
159,SM-SN-006-PR-062
160,SM-SN-006-PR-063
161,SM-SN-006-PR-064
162,SM-SN-006-PR-065
163,SM-SN-006-PR-066
164,SM-SN-006-PR-067
165,SM-SN-006-PR-068
166,SM-SN-006-PR-069
167,SM-SN-006-PR-070
168,SM-SN-006-EJ-071
169,SM-SN-006-PR-072
170,SM-SN-006-PR-073
171,SM-SN-006-PR-074
172,SM-SN-006-PR-075
173,SM-SN-006-PR-076
174,SM-SN-006-PR-077
175,SM-SN-006-PR-078
176,SM-SN-006-PR-079
177,SM-SN-006-PR-080
178,SM-SN-006-PR-081
179,SM-SN-006-PR-082
180,SM-SN-006-PR-083
181,SM-SN-006-EJ-084
182,SM-SN-006-PR-085
183,SM-SN-006-PR-086
184,SM-SN-006-PR-087
185,SM-SN-022-PR-088
186,SM-SN-022-PR-089
187,SM-SN-022-PR-090
188,SM-SN-022-PR-091
189,SM-SN-022-PR-092
190,SM-SN-022-PR-093
191,SM-SN-022-PR-094
192,SM-SN-022-PR-095
193,SM-SN-022-PR-096
194,SM-SN-022-EJ-097
195,SM-SN-022-PR-098
196,SM-SN-022-PR-099
197,SM-SN-022-PR-100
198,SM-SN-058-PR-101
199,SM-SN-058-PR-102
200,SM-SN-058-PR-103
201,SM-SN-058-PR-104
202,SM-SN-058-PR-105
203,SM-SN-058-PR-106
204,SM-SN-058-PR-107
205,SM-SN-058-PR-108
206,SM-SN-058-PR-109
207,SM-SN-058-PR-110
208,SM-SN-058-PR-111
209,SM-SN-058-PR-112
210,SM-SN-058-PR-113
211,SM-SN-058-PR-114
212,SM-SN-058-PR-115
213,SM-SN-058-PR-116
214,SM-SN-058-PR-117
215,SM-SN-058-PR-118
216,SM-SN-058-PR-119
217,SM-SN-058-PR-120
218,SM-SN-058-PR-121
219,SM-SN-058-PR-122
220,SM-SN-058-PA-123
221,SM-SN-058-PA-124
222,SM-SN-058-PR-125
223,SM-SN-058-PA-126
224,SM-SN-058-PA-127
225,SM-SN-058-PA-128
226,SM-SN-058-EJ-129
227,SM-SN-058-PR-130
228,SM-SN-058-PR-131
229,SM-SN-058-PR-132
230,SM-SN-058-PR-133
231,SM-SN-058-PR-134
232,SM-SN-058-PR-135
233,SM-SN-058-PR-136
234,SM-SN-058-PR-137
235,SM-SN-058-PR-138
236,SM-SN-058-PR-139
237,SM-SN-058-PR-140
238,SM-SN-058-PR-141
239,SM-SN-058-PR-142
240,SM-SN-058-PR-143
241,SM-SN-058-PR-144
242,SM-SN-058-PR-145
243,SM-SN-058-PR-146
244,SM-SN-058-PR-147
245,SM-SN-064-PR-148
246,SM-SN-064-PR-149
247,SM-SN-064-PR-150
248,SM-SN-064-PR-151
249,SM-SN-064-PR-152
250,SM-SN-064-PR-153
251,SM-SN-064-PR-154
252,SM-SN-064-PR-155
253,SM-SN-064-PR-156
254,SM-SN-064-PR-157
255,SM-SN-064-PR-158
256,SM-SN-064-PR-159
257,SM-SN-064-PR-160
258,SM-SN-064-PR-161
259,SM-SN-064-PR-162
260,SM-SN-064-PR-163
261,SM-SN-064-PR-164
262,SM-SN-064-PR-165
263,SM-SN-064-PR-166
264,SM-SN-064-PR-167
265,SM-SN-064-EJ-168
266,SM-SN-064-PR-169
267,SM-SN-064-PR-170
268,SM-SN-064-PR-171
269,SM-SN-064-PR-172
270,SM-SN-064-PR-173
271,SM-SN-064-PR-174
272,SM-SN-064-PR-175
273,SM-SN-064-PR-176
274,SM-SN-047-PR-177
275,SM-SN-047-PR-178
276,SM-SN-047-PR-179
277,SM-SN-047-PR-180
278,SM-SN-047-PR-181
279,SM-SN-047-PR-182
280,SM-SN-047-PR-183
281,SM-SN-047-PR-184
282,SM-SN-047-PR-185
283,SM-SN-047-PR-186
284,SM-SN-047-PR-187
285,SM-SN-047-PR-188
286,SM-SN-047-PR-189
287,SM-SN-047-PR-190
288,SM-SN-047-PR-191
289,SM-SN-047-PR-192
290,SM-SN-047-PR-193
291,SM-SN-047-PR-194
292,SM-SN-047-PR-195
293,SM-SN-047-PR-196
294,SM-SN-047-PR-197
295,SM-SN-047-PR-198
296,SM-SN-047-PR-199
297,SM-SN-047-PR-200
298,SM-SN-047-PR-201
299,SM-SN-047-PR-202
300,SM-SN-047-PR-203
301,SM-SN-047-PR-204
302,SM-SN-047-PR-205
303,SM-SN-047-PR-206
304,SM-SN-047-PR-207
305,SM-SN-047-PR-208
306,SM-SN-047-PR-209
307,SM-SN-047-PR-210
308,SM-SN-047-PR-211
309,SM-SN-047-PR-212
310,SM-SN-047-PR-213
311,SM-SN-047-PR-214